,BirthDate,CategoryCode,FamilyName,GivenName,Id,Nation,Outfit,PrintName,Protected,RaceId,RaceNr,ScoreboardName,StartOrder,StartTime,UciCode,UciRank,UciRiderId,UciTeamCode,UciTeamId,UciTeamName,WorldCupRank,Age
2001,1990-02-08T00:00:00,WE,NICOLE,Myriam,1197024565271776,FRA,WCL,NICOLE Myriam,False,0,1,NICOLE M,1,48600000,FRA19900208,1,10004535237,CVN,1590,COMMENCAL / VALLNORD,1,28
2002,1987-12-06T00:00:00,WE,ATHERTON,Rachel,1197024565271777,GBR,NCh,ATHERTON Rachel,False,0,2,ATHERTON R,2,48630000,GBR19871206,5,10003434487,TDH,1598,TREK FACTORY RACING DH,2,30
2003,1995-06-15T00:00:00,WE,SEAGRAVE,Tahnee,1197024565271778,GBR,,SEAGRAVE Tahnee,False,0,3,SEAGRAVE T,3,48660000,GBR19950615,2,10007414016,FMD,1863,TRANSITION BIKES / MUC-OFF FACTORY RACING,3,23
2004,1997-03-12T00:00:00,WE,CABIROU,Marine,1197024565271779,FRA,,CABIROU Marine,False,0,4,CABIROU M,4,48690000,FRA19970312,4,10009563069,VVR,2096,VOULVOUL RACING,4,21
2006,1988-06-13T00:00:00,WE,HANNAH,Tracey,1197024565271780,AUS,NCh,HANNAH Tracey,False,0,6,HANNAH T,5,48720000,AUS19880613,3,10003732258,URT,1608,POLYGON UR,6,30
2007,1986-09-19T00:00:00,WE,SIEGENTHALER,Emilie,1197024565271781,SUI,,SIEGENTHALER Emilie,False,0,7,SIEGENTHALER,6,48750000,SUI19860919,6,10004167243,PFR,1864,PIVOT FACTORY RACING,7,31
2008,1989-04-27T00:00:00,WE,CURD,Katy,1197024565271782,GBR,,CURD Katy,False,0,8,CURD K,7,48780000,GBR19890427,30,10006044292,,0,,8,29
2009,1994-06-07T00:00:00,WE,HRASTNIK,Monika,1197024565271783,SLO,CCh,HRASTNIK Monika,False,0,9,HRASTNIK M,8,48810000,SLO19940607,7,10017602955,,0,,9,24
2010,1994-05-06T00:00:00,WE,SALAZAR,Mariana,1197024565271784,ESA,,SALAZAR Mariana,False,0,10,SALAZAR M,9,48840000,ESA19940506,23,10007687838,DOR,1867,DORVAL AM,10,24
2011,1991-11-06T00:00:00,WE,CAPPELLARI,Carina,1197024565271785,SUI,NCh,CAPPELLARI Carina,False,0,11,CAPPELLARI C,10,48870000,SUI19911106,10,10006911535,MNR,2039,HIAG DATA - NS-BIKES FACTORY RACING,11,26
2012,1993-03-08T00:00:00,WE,WIDMANN,Veronika,1197024565271786,ITA,,WIDMANN Veronika,False,0,12,WIDMANN V,11,48900000,ITA19930308,15,10007423312,FSF,2238,FS FUNN,12,25
2013,1990-03-02T00:00:00,WE,MILLER,Miranda,1197024565271787,CAN,WCh,MILLER Miranda,False,0,13,MILLER M,12,48930000,CAN19900302,9,10005872726,SGR,1667,SPECIALIZED GRAVITY,13,28
2014,1998-08-02T00:00:00,WE,A'HERN,Sian,1197024565271788,AUS,,A'HERN Sian,False,0,14,A'HERN S,13,48960000,AUS19980802,28,10010802043,,0,,14,19
2015,1988-02-10T00:00:00,WE,RUBESAM,Sandra,1197024565271789,GER,,RUBESAM Sandra,False,0,15,RUBESAM S,14,48990000,GER19880210,21,10052523258,,0,,15,30
2017,1999-03-12T00:00:00,WE,CHAPPAZ,Melanie,1197024565271790,FRA,,CHAPPAZ Melanie,False,0,17,CHAPPAZ M,15,49020000,FRA19990312,11,10011008066,HTH,3167,HOPE TECHNOLOGY,0,19
2018,1995-07-09T00:00:00,WE,RONNING,Frida Helena,1197024565271791,NOR,NCh,RONNING Frida Helena,False,0,18,RONNING F,16,49050000,NOR19950709,16,10008084326,,0,,16,22
2019,1996-08-02T00:00:00,WE,HOFFMANN,Nina Charlott,1197024565271792,GER,,HOFFMANN Nina Charlott,False,0,19,HOFFMANN N,17,49080000,GER19960802,26,10015887065,,0,,0,21
2020,1993-09-29T00:00:00,WE,NOGUEIRA,Camila,1197024565271793,ARG,,NOGUEIRA Camila,False,0,20,NOGUEIRA C,18,49110000,ARG19930929,27,10008589635,,0,,0,24
2021,1993-11-12T00:00:00,WE,DELEST,Agnes,1197024565271794,FRA,,DELEST Agnes,False,0,21,DELEST A,19,49140000,FRA19931112,31,10006981455,,0,,0,24
2022,1995-01-25T00:00:00,WE,RUTZ,Lea Salome,1197024565271795,SUI,,RUTZ Lea Salome,False,0,22,RUTZ L,20,49170000,SUI19950125,34,10010012000,,0,,0,23
2023,1984-04-10T00:00:00,WE,WOHLGENSINGER,Alexandra,1197024565271796,SUI,,WOHLGENSINGER Alexandra,False,0,23,WOHLGENSINGE,21,49200000,SUI19840410,40,10010735153,,0,,0,34
2024,1995-03-29T00:00:00,WE,BEECROFT,Danielle,1197024565271797,AUS,,BEECROFT Danielle,False,0,24,BEECROFT D,22,49230000,AUS19950329,41,10008176878,,0,,0,23
2025,1996-01-18T00:00:00,WE,MOLLOY,Tegan,1197024565271798,AUS,,MOLLOY Tegan,False,0,25,MOLLOY T,23,49260000,AUS19960118,42,10008826980,KON,1012,KONA FACTORY TEAM,0,22
2026,1996-11-15T00:00:00,WE,HUBSCHER,Janine,1197024565271799,SUI,,HUBSCHER Janine,False,0,26,HUBSCHER J,24,49290000,SUI19961115,47,10059628813,,0,,0,21
2027,1993-03-19T00:00:00,WE,HORVAT,Spela,1197024565271800,SLO,,HORVAT Spela,False,0,27,HORVAT S,25,49320000,SLO19930319,49,10007478074,,0,,0,25
2028,1999-11-17T00:00:00,WE,LESOIN,Flora,1197024565271801,FRA,,LESOIN Flora,False,0,28,LESOIN F,26,49350000,FRA19991117,51,10009734134,,0,,0,18
2029,1990-02-17T00:00:00,WE,BARTOVA,Jana,1197024565271802,CZE,NCh,BARTOVA Jana,False,0,29,BARTOVA J,27,49380000,CZE19900217,54,10007709763,,0,,0,28
2030,1991-06-07T00:00:00,WE,WECHSELBERGER,Simone,1197024565271803,AUT,,WECHSELBERGER Simone,False,0,30,WECHSELBERGE,28,49410000,AUT19910607,56,10010670384,,0,,0,27
2031,1998-11-25T00:00:00,WE,HOGIE,Abigail,1197024565271804,USA,,HOGIE Abigail,False,0,31,HOGIE A,29,49440000,USA19981125,77,10054388890,,0,,0,19
2032,1991-06-01T00:00:00,WE,JIRKOVA,Simona,1197024565271805,CZE,,JIRKOVA Simona,False,0,32,JIRKOVA S,30,49470000,CZE19910601,79,10008193551,,0,,0,27
2033,1993-08-01T00:00:00,WE,SCHWEMMER,Kim,1197024565271806,GER,,SCHWEMMER Kim,False,0,33,SCHWEMMER K,31,49500000,GER19930801,86,10007401686,,0,,0,24
2034,1985-12-29T00:00:00,WE,SKALWOLD,Ella,1197024565271807,USA,,SKALWOLD Ella,False,0,34,SKALWOLD E,32,49530000,USA19851229,97,10060355303,,0,,0,32
2035,1984-06-12T00:00:00,WE,CHOU,Pei Ni,1197024565271808,TPE,N,CHOU Pei Ni,False,0,35,CHOU P,33,49560000,TPE19840612,103,10003547049,,0,,0,34
2036,1999-01-29T00:00:00,WE,MISSIAGGIA,Alessia,1197024565271809,ITA,,MISSIAGGIA Alessia,False,0,36,MISSIAGGIA A,34,49590000,ITA19990129,105,10011213786,,0,,0,19
2037,1990-03-01T00:00:00,WE,BALANCHE,Camille,1197024565271810,SUI,,BALANCHE Camille,False,0,37,BALANCHE C,35,49620000,SUI19900301,108,10016567984,,0,,0,28
2038,1998-10-06T00:00:00,WE,TUTT,Aston,1197024565271811,GBR,,TUTT Aston,False,0,38,TUTT A,36,49650000,GBR19981006,144,10010911975,,0,,0,19
2039,1999-05-13T00:00:00,WE,GREEN,Sumayyah,1197024565271812,GBR,,GREEN Sumayyah,False,0,39,GREEN S,37,49680000,GBR19990513,182,10016172712,,0,,0,19
2040,1998-12-05T00:00:00,WE,BATTOLLA,Eva,1197024565271813,SUI,,BATTOLLA Eva,False,0,40,BATTOLLA E,38,49710000,SUI19981205,194,10010936631,,0,,17,19
2041,1998-03-14T00:00:00,WE,BELL,Cairn,1197024565271814,GBR,N,BELL Cairn,False,0,41,BELL C,39,49740000,GBR19980314,291,10011212069,,0,,0,20
2042,1996-11-07T00:00:00,WE,OLSTAM,Linn,1197024565271815,SWE,N,OLSTAM Linn,False,0,42,OLSTAM L,40,49770000,SWE19961107,0,10014062556,,0,,0,21
2043,1987-07-09T00:00:00,WE,GEHRIG,Carolin,1197024565271816,SUI,N,GEHRIG Carolin,False,0,43,GEHRIG C,41,49800000,SUI19870709,0,10006989842,,0,,0,30
